pe	Peru	Перу	Perou	Peru	Peru	Peru	Περού	Peruo	Perú	Peruu	Peru	Peru	Pérou	Peru	Peru	Perù	Peru	Peru	Peru	Peru	Peru	Peru	Перу	Peru	Peru	Peru	Peru	Peru	Перу
sb	Solomon Islands	Соломонови острови	Inizi Salomon	Šalomounovy ostrovy	Salomonøerne	Salomonen	Νήσοι Σολομώντα	Salomonoj	Islas Salomón	Saalomoni Saared	Salomon Uharteak	Salomonsaaret	Îles Salomon	Solomonski Otoci	Salamon-szigetek	Isole Salomone	Saliamono Salos	Salomonseilanden	Salomonøyene	Wyspy Salomona	Ilhas Salomão	Insulele Solomon	Соломоновы Острова	Šalamúnove ostrovy	Salomonovi otoki	Solomonova Ostrva	Salomonöarna	Solomon Adaları	Соломонові Острови
ki	Kiribati	Кирибати	Kiribati	Kiribati	Kiribati	Kiribati	Κιριμπάτι	Kiribato	Kiribati	Kiribati	Kiribati	Kiribati	Kiribati	Kiribati	Kiribati	Kiribati	Kiribatis	Kiribati	Kiribati	Kiribati	Quiribáti	Kiribati	Кирибати	Kiribati	Kiribati	Kiribati	Kiribati	Kiribati	Кірибаті
za	South Africa	ЮАР	Suafrika	Jihoafrická republika	Sydafrika	Südafrika	Νότια Αφρική	Sud-Afriko	Sudáfrica	Lõuna-Aafrika Vabariik	Hegoafrika	Etelä-Afrikka	Afrique du Sud	Južna Afrika	Dél-afrikai Köztársaság	Sudafrica	PAR	Zuid-Afrika	Sør-Afrika	Południowa Afryka	África do Sul	Africa de Sud	ЮАР	Južná Afrika	Južna Afrika	Južnoafrička Republika	Sydafrika	Güney Afrika	ПАР
dm	Dominica	Доминика	Dominika	Dominika	Dominica	Dominica	Δομινίκα	Dominiko	Dominica	Dominica	Dominika	Dominica	Dominique	Dominika	Dominikai Közösség	Dominica	Dominika	Dominica	Dominica	Dominika	Dominica	Dominica	Доминика	Dominika	Dominika	Dominika	Dominica	Dominika	Домініка
ro	Romania	Румъния	Roumania	Rumunsko	Rumænien	Rumänien	Ρουμανία	Rumanio	Rumania	Rumeenia	Errumania	Romania	Roumanie	Rumunjska	Románia	Romania	Rumunija	Roemenië	Romania	Rumunia	Roménia	România	Румыния	Rumunsko	Romunija	Rumunija	Rumänien	Romanya	Румунія
md	Moldova, Republic of	Молдова	Moldova	Moldavsko	Moldova	Moldau	Μολδαβία	Moldavio	Moldavia	Moldova	Moldavia	Moldova	Moldavie	Moldova	Moldova	Moldavia	Moldavija	Moldavië	Moldova	Mołdawia	Moldávia	Republica Moldova	Молдова	Moldavsko	Moldavija	Moldavija	Moldavien	Moldova	Молдова
mn	Mongolia	Монголия	Mongolia	Mongolsko	Mongoliet	Mongolei	Μογγολία	Mongolio	Mongolia	Mongoolia	Mongolia	Mongolia	Mongolie	Mongolija	Mongólia	Mongolia	Mongolija	Mongolië	Mongolia	Mongolia	Mongólia	Mongolia	Монголия	Mongolsko	Mongolija	Mongolija	Mongoliet	Moğolistan	Монголія
bz	Belize	Белиз	Belize	Belize	Belize	Belize	Μπελίζ	Belizo	Belice	Belize	Belize	Belize	Belize	Belize	Belize	Belize	Belizas	Belize	Belize	Belize	Belize	Belize	Белиз	Belize	Belize	Belize	Belize	Belize	Беліз
by	Belarus	Беларус	Belarus	Bělorusko	Hviderusland	Belarus	Λευκορωσία	Belorusio	Bielorrusia	Valgevene	Bielorrusia	Valko-Venäjä	Biélorussie	Bjelorusija	Fehéroroszország	Bielorussia	Baltarusija	Wit-Rusland	Belarus	Białoruś	Bielorrússia	Belarus	Беларусь	Bielorusko	Belorusija	Belorusija	Belarus	Belarus	Білорусь
gt	Guatemala	Гватемала	Guatemala	Guatemala	Guatemala	Guatemala	Γουατεμάλα	Gvatemalo	Guatemala	Guatemala	Guatemala	Guatemala	Guatemala	Gvatemala	Guatemala	Guatemala	Gvatemala	Guatemala	Guatemala	Gwatemala	Guatemala	Guatemala	Гватемала	Guatemala	Gvatemala	Gvatemala	Guatemala	Guatemala	Гватемала
mm	Myanmar	Мианмар	Myanmar	Myanmar	Myanmar	Myanmar	Μιανμάρ	Birmo	Birmania	Birma	Myanmar	Myanmar	Birmanie	Mijanmar (Burma)	Mianmar	Birmania	Mianmaras	Myanmar	Myanmar	Mjanma	Mianmar	Myanmar	Мьянма	Mjanmarsko	Mjanmar	Mjanmar	Myanmar	Myanmar	М'янма
tm	Turkmenistan	Туркменистан	Turkmenistan	Turkmenistán	Turkmenistan	Turkmenistan	Τουρκμενιστάν	Turkmenio	Turkmenistán	Türkmenistan	Turkmenistan	Turkmenistan	Turkménistan	Turkmenistan	Türkmenisztán	Turkmenistan	Turkmėnija	Turkmenistan	Turkmenistan	Turkmenistan	Turcomenistão	Turkmenistan	Туркменистан	Turkménsko	Turkmenistan	Turkmenistan	Turkmenistan	Türkmenistan	Туркменістан
cy	Cyprus	Кипър	Republik Kiprenez	Kypr	Cypern	Zypern	Κύπρος	Kipro	Chipre	Küpros	Zipre	Kypros	Chypre	Cipar	Ciprus	Cipro	Kipras	Cyprus	Kypros	Cypr	Chipre	Cipru	Кипр	Cyprus	Ciper	Kipar	Cypern	Kıbrıs Cumhuriyeti	Кіпр
uy	Uruguay	Уругвай	Uruguay	Uruguay	Uruguay	Uruguay	Ουρουγουάη	Urugvajo	Uruguay	Uruguay	Uruguai	Uruguay	Uruguay	Urugvaj	Uruguay	Uruguay	Urugvajus	Uruguay	Uruguay	Urugwaj	Uruguai	Uruguay	Уругвай	Uruguaj	Urugvaj	Urugvaj	Uruguay	Uruguay	Уругвай
us	United States of America	САЩ	Stadoù-Unanet	Spojené státy americké	USA	Vereinigte Staaten	Ηνωμένες Πολιτείες Αμερικής	Usono	Estados Unidos	Ameerika Ühendriigid	AEB	Yhdysvallat	États-Unis	Sjedinjene Američke Države	Amerikai Egyesült Államok	Stati Uniti	Jungtinės Valstijos	Verenigde Staten	USA	Stany Zjednoczone	Estados Unidos	Statele Unite ale Americii	США	Spojené štáty	Združene države Amerike	Sjedinjene Američke Države	USA	Amerika Birleşik Devletleri	США
sl	Sierra Leone	Сиера Леоне	Sierra Leone	Sierra Leone	Sierra Leone	Sierra Leone	Σιέρα Λεόνε	Sieraleono	Sierra Leona	Sierra Leone	Sierra Leona	Sierra Leone	Sierra Leone	Sijera Leone	Sierra Leone	Sierra Leone	Siera Leonė	Sierra Leone	Sierra Leone	Sierra Leone	Serra Leoa	Sierra Leone	Сьерра-Леоне	Sierra Leone	Sierra Leone	Sijera Leone	Sierra Leone	Sierra Leone	Сьєрра-Леоне
bj	Benin	Бенин	Benin	Benin	Benin	Benin	Μπενίν	Benino	Benín	Benin	Benin	Benin	Bénin	Benin	Benin	Benin	Beninas	Benin	Benin	Benin	Benim	Benin	Бенин	Benin	Benin	Benin	Benin	Benin	Бенін
fi	Finland	Финландия	Finland	Finsko	Finland	Finnland	Φινλανδία	Finnlando	Finlandia	Soome	Finlandia	Suomi	Finlande	Finska	Finnország	Finlandia	Suomija	Finland	Finland	Finlandia	Finlândia	Finlanda	Финляндия	Fínsko	Finska	Finska	Finland	Finlandiya	Фінляндія
sy	Syrian Arab Republic	Сирия	Siria	Sýrie	Syrien	Syrien	Συρία	Sirio	Siria	Süüria	Siria	Syyria	Syrie	Sirija	Szíria	Siria	Sirija	Syrië	Syria	Syria	Síria	Siria	Сирия	Sýria	Sirija	Sirija	Syrien	Suriye Arap Cumhuriyeti	Сирія
dk	Denmark	Дания	Danmark	Dánsko	Danmark	Dänemark	Δανία	Danio	Dinamarca	Taani	Danimarka	Tanska	Danemark	Danska	Dánia	Danimarca	Danija	Denemarken	Danmark	Dania	Dinamarca	Danemarca	Дания	Dánsko	Danska	Danska	Danmark	Danimarka	Данія
mh	Marshall Islands	Маршалови острови	Inizi Marshall	Marshallovy ostrovy	Marshalløerne	Marshallinseln	Νήσοι Μάρσαλ	Marŝala Insularo	Islas Marshall	Marshalli Saared	Marshall Uharteak	Marshallinsaaret	Îles Marshall	Maršalovi otoci	Marshall-szigetek	Isole Marshall	Maršalo salos	Marshalleilanden	Marshalløyene	Wyspy Marshalla	Ilhas Marshall	Insulele Marshall	Маршалловы Острова	Marshallove ostrovy	Marshallovi otoki	Maršalska Ostrva	Marshallöarna	Marshall Adaları	Маршаллові Острови
pg	Papua New Guinea	Папуа Нова Гвинея	Papoua Ginea-Nevez	Papua Nová Guinea	Papua Ny Guinea	Papua-Neuguinea	Παπούα Νέα Γουινέα	Papuo-Nov-Gvineo	Papúa Nueva Guinea	Paapua Uus-Guinea	Papua Ginea Berria	Papua-Uusi-Guinea	Papouasie-Nouvelle-Guinée	Papua Nova Gvineja	Pápua Új-Guinea	Papua Nuova Guinea	Papua Naujoji Gvinėja	Papoea-Nieuw-Guinea	Papua Ny-Guinea	Papua-Nowa Gwinea	Papua-Nova Guiné	Papua Noua Guinee	Папуа — Новая Гвинея	Papua-Nová Guinea	Papua Nova Gvineja	Papua Nova Gvineja	Papua Nya Guinea	Papua Yeni Gine	Папуа Нова Гвінея
ca	Canada	Канада	Kanada	Kanada	Canada	Kanada	Καναδάς	Kanado	Canadá	Kanada	Kanada	Kanada	Canada	Kanada	Kanada	Canada	Kanada	Canada	Canada	Kanada	Canadá	Canada	Канада	Kanada	Kanada	Kanada	Kanada	Kanada	Канада
bf	Burkina Faso	Буркина Фасо	Burkina Faso	Burkina Faso	Burkina Faso	Burkina Faso	Μπουρκίνα Φάσο	Burkino	Burkina Faso	Burkina Faso	Burkina Faso	Burkina Faso	Burkina Faso	Burkina Faso	Burkina Faso	Burkina Faso	Burkina Faso	Burkina Faso	Burkina Faso	Burkina Faso	Burquina Fasso	Burkina Faso	Буркина-Фасо	Burkina	Burkina Faso	Burkina Faso	Burkina Faso	Burkina Faso	Буркіна-Фасо
lu	Luxembourg	Люксембург	Luksembourg	Lucembursko	Luxembourg	Luxemburg	Λουξεμβούργο	Luksemburgio	Luxemburgo	Luksemburg	Luxenburgo	Luxemburg	Luxembourg	Luksemburg	Luxemburg	Lussemburgo	Liuksemburgas	Luxemburg	Luxembourg	Luksemburg	Luxemburgo	Luxemburg	Люксембург	Luxembursko	Luksemburg	Luksemburg	Luxemburg	Lüksemburg	Люксембург
sa	Saudi Arabia	Саудитска Арабия	Arabia Saoudat	Saúdská Arábie	Saudi-Arabien	Saudi-Arabien	Σαουδική Αραβία	Sauda Arabio	Arabia Saudita	Saudi Araabia	Saudi Arabia	Saudi-Arabia	Arabie saoudite	Saudijska Arabija	Szaúd-Arábia	Arabia Saudita	Saudo Arabija	Saoedi-Arabië	Saudi-Arabia	Arabia Saudyjska	Arábia Saudita	Arabia Saudită	Саудовская Аравия	Saudská Arábia	Saudova Arabija	Saudijska Arabija	Saudiarabien	Suudi Arabistan	Саудівська Аравія
dz	Algeria	Алжир	Aljeria	Alžírsko	Algeriet	Algerien	Αλγερία	Alĝerio	Argelia	Alžeeria	Aljeria	Algeria	Algérie	Alžir	Algéria	Algeria	Alžyras	Algerije	Algerie	Algieria	Argélia	Algeria	Алжир	Alžírsko	Alžirija	Alžir	Algeriet	Cezayir	Алжир
gq	Equatorial Guinea	Екваториална Гвинея	Ginea ar C'heheder	Rovníková Guinea	Ækvatorialguinea	Äquatorialguinea	Ισημερινή Γουινέα	Ekvatora Gvineo	Guinea Ecuatorial	Ekvatoriaal-Guinea	Ekuatore Ginea	Päiväntasaajan Guinea	Guinée équatoriale	Ekvatorska Gvineja	Egyenlítői-Guinea	Guinea Equatoriale	Pusiaujo Gvinėja	Equatoriaal-Guinea	Ekvatorial-Guinea	Gwinea Równikowa	Guiné Equatorial	Guineea Ecuatorială	Экваториальная Гвинея	Rovníková Guinea	Ekvatorialna Gvineja	Ekvatorijalna Gvineja	Ekvatorialguinea	Ekvator Ginesi	Екваторіальна Гвінея
do	Dominican Republic	Доминиканска република	Republik Dominikan	Dominikánská republika	Dominikanske Republik	Dominikanische Republik	Δομινικανή Δημοκρατία	Dominika Respubliko	República Dominicana	Dominikaani Vabariik	Dominikar Errepublika	Dominikaaninen tasavalta	République dominicaine	Dominikanska republika	Dominikai Köztársaság	Rep. Dominicana	Dominikos Respublika	Dominicaanse Republiek	Den dominikanske republikk	Dominikana	República Dominicana	Republica Dominicană	Доминиканская Республика	Dominikánska republika	Dominikanska republika	Dominikanska Republika	Dominikanska republiken	Dominik Cumhuriyeti	Домініканська Республіка
jo	Jordan	Йордания	Jordania	Jordánsko	Jordan	Jordanien	Ιορδανία	Jordanio	Jordania	Jordaania	Jordania	Jordania	Jordanie	Jordan	Jordánia	Giordania	Jordanija	Jordanië	Jordan	Jordania	Jordânia	Iordania	Иордания	Jordánsko	Jordanija	Jordan	Jordanien	Ürdün	Йорданія
ly	Libya	Либия	Libia	Libye	Libyen	Libyen	Λιβύη	Libio	Libia	Liibüa	Libia	Libya	Libye	Libija	Líbia	Libia	Libija	Libië	Libya	Libia	Líbia	Libia	Ливия	Líbya	Libija	Libija	Libyen	Libya	Лівія
ie	Ireland	Ирландия	Iwerzhon	Irsko	Irland	Irland	Ιρλανδία	Irlando	Irlanda	Iirimaa	Irlandako Errepublika	Irlanti	Irlande	Irska	Írország	Irlanda	Airija	Ierland	Irland	Irlandia	Irlanda	Republica Irlanda	Ирландия	Írsko	Irska	Irska	Irland	İrlanda	Ірландія
ph	Philippines	Филипини	Filipinez	Filipíny	Filippinerne	Philippinen	Φιλιππίνες	Filipinoj	Filipinas	Filipiinid	Filipinak	Filippiinit	Philippines	Filipini	Fülöp-szigetek	Filippine	Filipinai	Filipijnen	Filippinene	Filipiny	Filipinas	Filipine	Филиппины	Filipíny	Filipini	Filipini	Filippinerna	Filipinler	Філіппіни
ae	United Arab Emirates	ОАЕ	Emirelezhioù Arab Unanet	Spojené arabské emiráty	Forenede Arabiske Emirater	Vereinigte Arabische Emirate	Ηνωμένα Αραβικά Εμιράτα	Unuiĝintaj Arabaj Emirlandoj	Emiratos Árabes Unidos	Araabia Ühendemiraadid	Arabiar Emirerri Batuak	Arabiemiirikunnat	Émirats arabes unis	Ujedinjeni Arapski Emirati	Egyesült Arab Emírségek	Emirati Arabi Uniti	Jungtiniai Arabų Emyratai	Verenigde Arabische Emiraten	De forente arabiske emirater	Zjednoczone Emiraty Arabskie	Emirados Árabes Unidos	Emiratele Arabe Unite	ОАЭ	Spojené arabské emiráty	Združeni arabski emirati	Ujedinjeni Arapski Emirati	Förenade arabemiraten	Birleşik Arap Emirlikleri	ОАЕ
kh	Cambodia	Камбоджа	Kambodja	Kambodža	Cambodja	Kambodscha	Καμπότζη	Kamboĝo	Camboya	Kambodža	Kanbodia	Kambodža	Cambodge	Kambodža	Kambodzsa	Cambogia	Kambodža	Cambodja	Kambodsja	Kambodża	Camboja	Cambodgia	Камбоджа	Kambodža	Kambodža	Kambodža	Kambodja	Kamboçya	Камбоджа
vu	Vanuatu	Вануату	Vanuatu	Vanuatu	Vanuatu	Vanuatu	Βανουάτου	Vanuatuo	Vanuatu	Vanuatu	Vanuatu	Vanuatu	Vanuatu	Vanuatu	Vanuatu	Vanuatu	Vanuatu	Vanuatu	Vanuatu	Vanuatu	Vanuatu	Vanuatu	Вануату	Vanuatu	Vanuatu	Vanuatu	Vanuatu	Vanuatu	Вануату
hu	Hungary	Унгария	Hungaria	Maďarsko	Ungarn	Ungarn	Ουγγαρία	Hungario	Hungría	Ungari	Hungaria	Unkari	Hongrie	Mađarska	Magyarország	Ungheria	Vengrija	Hongarije	Ungarn	Węgry	Hungria	Ungaria	Венгрия	Maďarsko	Madžarska	Mađarska	Ungern	Macaristan	Угорщина
nr	Nauru	Науру	Nauru	Nauru	Nauru	Nauru	Ναουρού	Nauro	Nauru	Nauru	Nauru	Nauru	Nauru	Nauru	Nauru	Nauru	Nauru	Nauru	Nauru	Nauru	Nauru	Nauru	Науру	Nauru	Nauru	Nauru	Nauru	Nauru	Науру
th	Thailand	Тайланд	Thailand	Thajsko	Thailand	Thailand	Ταϊλάνδη	Tajlando	Tailandia	Tai	Thailandia	Thaimaa	Thaïlande	Tajland	Thaiföld	Thailandia	Tailandas	Thailand	Thailand	Tajlandia	Tailândia	Thailanda	Таиланд	Thajsko	Tajska	Tajland	Thailand	Tayland	Таїланд
au	Australia	Австралия	Aostralia	Austrálie	Australien	Australien	Αυστραλία	Aŭstralio	Australia	Austraalia	Australia	Australia	Australie	Australija	Ausztrália	Australia	Australija	Australië	Australia	Australia	Austrália	Australia	Австралия	Austrália	Avstralija	Australija	Australien	Avustralya	Австралія
bs	Bahamas	Бахамски острови	Bahamas	Bahamy	Bahamas	Bahamas	Μπαχάμες	Bahamoj	Bahamas	Bahama	Bahamak	Bahama	Bahamas	Bahami	Bahama-szigetek	Bahamas	Bahamos	Bahama's	Bahamas	Bahamy	Bahamas	Bahamas	Багамские Острова	Bahamy	Bahami	Bahami	Bahamas	Bahamalar	Багамські Острови
st	Sao Tome and Principe	Сао Томе и Принсипи	São Tomé ha Príncipe	Svatý Tomáš a Princův ostrov	São Tomé og Príncipe	São Tomé und Príncipe	Σάο Τομέ και Πρίνσιπε	Santomeo kaj Principeo	Santo Tomé y Príncipe	São Tomé ja Príncipe	Sao Tome eta Principe	São Tomé ja Príncipe	Sao Tomé-et-Principe	Sveti Toma i Prinsipe	São Tomé és Príncipe	São Tomé e Príncipe	San Tomė ir Prinsipė	Sao Tomé en Principe	São Tomé og Príncipe	Wyspy Świętego Tomasza i Książęca	São Tomé e Príncipe	Sao Tome și Principe	Сан-Томе и Принсипи	Svätý Tomáš a Princov ostrov	Sao Tome in Principe	Sao Tome i Principe	São Tomé och Príncipe	São Tomé ve Príncipe	Сан-Томе і Принсіпі
no	Norway	Норвегия	Norvegia	Norsko	Norge	Norwegen	Νορβηγία	Norvegio	Noruega	Norra	Norvegia	Norja	Norvège	Norveška	Norvégia	Norvegia	Norvegija	Noorwegen	Norge	Norwegia	Noruega	Norvegia	Норвегия	Nórsko	Norveška	Norveška	Norge	Norveç	Норвегія
er	Eritrea	Еритрея	Eritrea	Eritrea	Eritrea	Eritrea	Ερυθραία	Eritreo	Eritrea	Eritrea	Eritrea	Eritrea	Érythrée	Eritreja	Eritrea	Eritrea	Eritrėja	Eritrea	Eritrea	Erytrea	Eritreia	Eritreea	Эритрея	Eritrea	Eritreja	Eritreja	Eritrea	Eritre	Еритрея
cm	Cameroon	Камерун	Kameroun	Kamerun	Cameroun	Kamerun	Καμερούν	Kameruno	Camerún	Kamerun	Kamerun	Kamerun	Cameroun	Kamerun	Kamerun	Camerun	Kamerūnas	Kameroen	Kamerun	Kamerun	Camarões	Camerun	Камерун	Kamerun	Kamerun	Kamerun	Kamerun	Kamerun	Камерун
na	Namibia	Намибия	Namibia	Namibie	Namibia	Namibia	Ναμίμπια	Namibio	Namibia	Namiibia	Namibia	Namibia	Namibie	Namibija	Namíbia	Namibia	Namibija	Namibië	Namibia	Namibia	Namíbia	Namibia	Намибия	Namíbia	Namibija	Namibija	Namibia	Namibya	Намібія
lc	Saint Lucia	Сейнт Лусия	Santez-Lusia	Svatá Lucie	Saint Lucia	St. Lucia	Αγία Λουκία	Sankta Lucio	Santa Lucía	Saint Lucia	Santa Luzia	Saint Lucia	Sainte-Lucie	Sveta Lucija	Saint Lucia	Saint Lucia	Sent Lusija	Saint Lucia	Saint Lucia	Saint Lucia	Santa Lúcia	Sfânta Lucia	Сент-Люсия	Svätá Lucia	Saint Lucia	Sveta Lucija	Saint Lucia	Saint Lucia	Сент-Люсія
ws	Samoa	Самоа	Samoa	Samoa	Samoa	Samoa	Σαμόα	Samoo	Samoa	Samoa	Samoa	Samoa	Samoa	Zapadna Samoa	Szamoa	Samoa	Samoa	Samoa	Samoa	Samoa	Samoa	Samoa	Самоа	Samoa	Zahodna Samoa	Samoa	Samoa	Samoa	Самоа
gr	Greece	Гърция	Gres	Řecko	Grækenland	Griechenland	Ελλάδα	Grekio	Grecia	Kreeka	Grezia	Kreikka	Grèce	Grčka	Görögország	Grecia	Graikija	Griekenland	Hellas	Grecja	Grécia	Grecia	Греция	Grécko	Grčija	Grčka	Grekland	Yunanistan	Греція
mk	North Macedonia	Северна Македония	Makedonia an Norzh	Severní Makedonie	Nordmakedonien	Nordmazedonien	Βόρεια Μακεδονία	Nord-Makedonio	Macedonia del Norte	Põhja-Makedoonia	Ipar Mazedonia	Pohjois-Makedonia	Macédoine du Nord	Makedonija	Észak-Macedónia	Macedonia del Nord	Makedonija	Noord-Macedonië	Nord-Makedonia, Republikken	Macedonia Północna	Macedônia do Norte	Macedonia de Nord	Северная Македония	Severné Macedónsko	Severna Makedonija	Makedonija	Nordmakedonien	Kuzey Makedonya	Північна Македонія
mx	Mexico	Мексико	Mec'hiko	Mexiko	Mexico	Mexiko	Μεξικό	Meksiko	México	Mehhiko	Mexiko	Meksiko	Mexique	Meksiko	Mexikó	Messico	Meksika	Mexico	Mexico	Meksyk	México	Mexic	Мексика	Mexiko	Mehika	Meksiko	Mexiko	Meksika	Мексика
cv	Cabo Verde	Кабо Верде	Kab Glas	Kapverdy	Kap Verde	Kap Verde	Πράσινο Ακρωτήρι	Kaboverdo	Cabo Verde	Roheneemesaared	Cabo Verde	Kap Verde	Cap-Vert	Zelenortski otoci	Zöld-foki Köztársaság	Capo Verde	Žaliasis Kyšulys	Kaapverdië	Kapp Verde	Republika Zielonego Przylądka	Cabo Verde	Republica Capului Verde	Кабо-Верде	Kapverdy	Zelenortski otoki	Zelenortska Ostrva	Kap Verde	Yeşil Burun Adaları	Кабо-Верде
tj	Tajikistan	Таджикистан	Tadjikistan	Tádžikistán	Tadsjikistan	Tadschikistan	Τατζικιστάν	Taĝikio	Tayikistán	Tadžikistan	Tajikistan	Tadžikistan	Tadjikistan	Tadžikistan	Tádzsikisztán	Tagikistan	Tadžikija	Tadzjikistan	Tadsjikistan	Tadżykistan	Tajiquistão	Tadjikistan	Таджикистан	Tadžikistan	Tadžikistan	Tadžikistan	Tadzjikistan	Tacikistan	Таджикистан
ba	Bosnia and Herzegovina	Босна и Херцеговина	Bosnia-ha-Herzegovina	Bosna a Hercegovina	Bosnien-Hercegovina	Bosnien und Herzegowina	Βοσνία-Ερζεγοβίνη	Bosnio kaj Hercegovino	Bosnia y Herzegovina	Bosnia ja Hertsegoviina	Bosnia-Herzegovina	Bosnia ja Hertsegovina	Bosnie-Herzégovine	Bosna i Hercegovina	Bosznia-Hercegovina	Bosnia ed Erzegovina	Bosnija ir Hercegovina	Bosnië en Herzegovina	Bosnia-Hercegovina	Bośnia i Hercegowina	Bósnia e Herzegovina	Bosnia și Herțegovina	Босния и Герцеговина	Bosna a Hercegovina	Bosna in Hercegovina	Bosna i Hercegovina	Bosnien och Hercegovina	Bosna-Hersek	Боснія і Герцеговина
gw	Guinea-Bissau	Гвинея-Бисау	Ginea-Bissau	Guinea-Bissau	Guinea-Bissau	Guinea-Bissau	Γουινέα-Μπισσάου	Gvineo Bisaŭa	Guinea-Bisáu	Guinea-Bissau	Ginea-Bissau	Guinea-Bissau	Guinée-Bissau	Gvineja Bisau	Bissau-Guinea	Guinea-Bissau	Bisau Gvinėja	Guinee-Bissau	Guinea-Bissau	Gwinea Bissau	Guiné-Bissau	Guineea-Bissau	Гвинея-Бисау	Guinea-Bissau	Gvineja Bissau	Gvineja Bisao	Guinea-Bissau	Gine-Bissau	Гвінея-Бісау
ci	Côte d'Ivoire	Кот д'Ивоар	Aod an Olifant	Pobřeží slonoviny	Elfenbenskysten	Elfenbeinküste	Ακτή Ελεφαντοστού	Ebura Bordo	Costa de Marfil	Elevandiluurannik	Boli Kosta	Norsunluurannikko	Côte d'Ivoire	Obala Bjelokosti	Elefántcsontpart	Costa d'Avorio	Dramblio Kaulo Krantas	Ivoorkust	Elfenbenskysten	Wybrzeże Kości Słoniowej	Costa do Marfim	Coasta de Fildeș	Кот-д’Ивуар	Pobrežie Slonoviny	Slonokoščena obala	Obala slonovače	Elfenbenskusten	Fildişi Sahili	Кот-д'Івуар
kw	Kuwait	Кувейт	Koweit	Kuvajt	Kuwait	Kuwait	Κουβέιτ	Kuvajto	Kuwait	Kuveit	Kuwait	Kuwait	Koweït	Kuvajt	Kuvait	Kuwait	Kuveitas	Koeweit	Kuwait	Kuwejt	Kuwait	Kuweit	Кувейт	Kuvajt	Kuvajt	Kuvajt	Kuwait	Kuveyt	Кувейт
ch	Switzerland	Швейцария	Suis	Švýcarsko	Schweiz	Schweiz	Ελβετία	Svislando	Suiza	Šveits	Suitza	Sveitsi	Suisse	Švicarska	Svájc	Svizzera	Šveicarija	Zwitserland	Sveits	Szwajcaria	Suíça	Elveția	Швейцария	Švajčiarsko	Švica	Švajcarska	Schweiz	İsviçre	Швейцарія
mw	Malawi	Малави	Malawi	Malawi	Malawi	Malawi	Μαλάουι	Malavio	Malaui	Malawi	Malawi	Malawi	Malawi	Malavi	Malawi	Malawi	Malavis	Malawi	Malawi	Malawi	Maláui	Malawi	Малави	Malawi	Malavi	Malavi	Malawi	Malavi	Малаві
cf	Central African Republic	Централноафриканска република	Republik Kreizafrikan	Středoafrická republika	Centralafrikanske Republik	Zentralafrikanische Republik	Κεντροαφρικανική Δημοκρατία	Centr-Afrika Respubliko	República Centroafricana	Kesk-Aafrika Vabariik	Afrika Erdiko Errepublika	Keski-Afrikan tasavalta	République centrafricaine	Srednjoafrička Republika	Közép-Afrika	Rep. Centrafricana	Centrinės Afrikos Respublika	Centraal-Afrikaanse Republiek	Den sentralafrikanske republikk	Republika Środkowoafrykańska	República Centro-Africana	Republica Centrafricană	ЦАР	Stredoafrická republika	Srednjeafriška republika	Centralnoafrička Republika	Centralafrikanska republiken	Orta Afrika Cumhuriyeti	Центральноафриканська Республіка
sn	Senegal	Сенегал	Senegal	Senegal	Senegal	Senegal	Σενεγάλη	Senegalo	Senegal	Senegal	Senegal	Senegal	Sénégal	Senegal	Szenegál	Senegal	Senegalas	Senegal	Senegal	Senegal	Senegal	Senegal	Сенегал	Senegal	Senegal	Senegal	Senegal	Senegal	Сенегал
tv	Tuvalu	Тувалу	Tuvalu	Tuvalu	Tuvalu	Tuvalu	Τουβαλού	Tuvalo	Tuvalu	Tuvalu	Tuvalu	Tuvalu	Tuvalu	Tuvalu	Tuvalu	Tuvalu	Tuvalu	Tuvalu	Tuvalu	Tuvalu	Tuvalu	Tuvalu	Тувалу	Tuvalu	Tuvalu	Tuvalu	Tuvalu	Tuvalu	Тувалу
pl	Poland	Полша	Polonia	Polsko	Polen	Polen	Πολωνία	Pollando	Polonia	Poola	Polonia	Puola	Pologne	Poljska	Lengyelország	Polonia	Lenkija	Polen	Polen	Polska	Polónia	Polonia	Польша	Poľsko	Poljska	Poljska	Polen	Polonya	Польща
is	Iceland	Исландия	Island	Island	Island	Island	Ισλανδία	Islando	Islandia	Island	Islandia	Islanti	Islande	Island	Izland	Islanda	Islandija	IJsland	Island	Islandia	Islândia	Islanda	Исландия	Island	Islandija	Island	Island	İzlanda	Ісландія
rs	Serbia	Сърбия	Serbia	Srbsko	Serbien	Serbien	Σερβία	Serbio	Serbia	Serbia	Serbia	Serbia	Serbie	Srbija	Szerbia	Serbia	Serbija	Servië	Serbia	Serbia	Sérvia	Serbia	Сербия	Srbsko	Srbija	Srbija	Serbien	Sırbistan	Сербія
sd	Sudan	Судан	Soudan	Súdán	Sudan	Sudan	Σουδάν	Sudano	Sudán	Sudaan	Sudan	Sudan	Soudan	Sudan	Szudán	Sudan	Sudanas	Soedan	Sudan	Sudan	Sudão	Sudan	Судан	Sudán	Sudan	Sudan	Sudan	Sudan	Судан
ru	Russian Federation	Русия	Rusia	Rusko	Rusland	Russland	Ρωσία	Rusio	Rusia	Venemaa	Errusia	Venäjä	Russie	Rusija	Oroszország	Russia	Rusija	Rusland	Russland	Rosja	Rússia	Rusia	Россия	Rusko	Rusija	Rusija	Ryssland	Rusya Federasyonu	Росія
sm	San Marino	Сан Марино	San Marino	San Marino	San Marino	San Marino	Άγιος Μαρίνος	San-Marino	San Marino	San Marino	San Marino	San Marino	Saint-Marin	San Marino	San Marino	San Marino	San Marinas	San Marino	San Marino	San Marino	San Marino	San Marino	Сан-Марино	San Maríno	San Marino	San Marino	San Marino	San Marino	Сан-Марино
km	Comoros	Коморски острови	Komorez	Komory	Comorerne	Komoren	Κομόρες	Komoroj	Comoras	Komoorid	Komoreak	Komorit	Comores	Komori	Comore-szigetek	Comore	Komorai	Comoren	Komorene	Komory	Comores	Comore	Коморы	Komory	Komori	Komori	Komorerna	Komorlar	Коморські Острови
sk	Slovakia	Словакия	Slovakia	Slovensko	Slovakiet	Slowakei	Σλοβακία	Slovakio	Eslovaquia	Slovakkia	Eslovakia	Slovakia	Slovaquie	Slovačka	Szlovákia	Slovacchia	Slovakija	Slowakije	Slovakia	Słowacja	Eslováquia	Slovacia	Словакия	Slovensko	Slovaška	Slovačka	Slovakien	Slovakya	Словаччина
fr	France	Франция	Frañs	Francie	Frankrig	Frankreich	Γαλλία	Francio	Francia	Prantsusmaa	Frantzia	Ranska	France	Francuska	Franciaország	Francia	Prancūzija	Frankrijk	Frankrike	Francja	França	Franța	Франция	Francúzsko	Francija	Francuska	Frankrike	Fransa	Франція
ss	South Sudan	Южен Судан	Soudan ar Su	Jižní Súdán	Sydsudan	Südsudan	Νότιο Σουδάν	Sud-Sudano	Sudán del Sur	Lõuna-Sudaan	Hego Sudan	Etelä-Sudan	Soudan du Sud	Južni Sudan	Dél-Szudán	Sudan del Sud	Pietų Sudanas	Zuid-Soedan	Sør-Sudan	Sudan Południowy	Sudão do Sul	Sudanul de Sud	Южный Судан	Južný Sudán	Južni Sudan	Južni Sudan	Sydsudan	Güney Sudan	Південний Судан
ua	Ukraine	Украйна	Ukraina	Ukrajina	Ukraine	Ukraine	Ουκρανία	Ukrainio	Ucrania	Ukraina	Ukraina	Ukraina	Ukraine	Ukrajina	Ukrajna	Ucraina	Ukraina	Oekraïne	Ukraina	Ukraina	Ucrânia	Ucraina	Украина	Ukrajina	Ukrajina	Ukrajina	Ukraina	Ukrayna	Україна
mg	Madagascar	Мадагаскар	Madagaskar	Madagaskar	Madagaskar	Madagaskar	Μαδαγασκάρη	Madagaskaro	Madagascar	Madagaskar	Madagaskar	Madagaskar	Madagascar	Madagaskar	Madagaszkár	Madagascar	Madagaskaras	Madagaskar	Madagaskar	Madagaskar	Madagáscar	Madagascar	Мадагаскар	Madagaskar	Madagaskar	Madagaskar	Madagaskar	Madagaskar	Мадагаскар
es	Spain	Испания	Spagn	Španělsko	Spanien	Spanien	Ισπανία	Hispanio	España	Hispaania	Espainia	Espanja	Espagne	Španjolska	Spanyolország	Spagna	Ispanija	Spanje	Spania	Hiszpania	Espanha	Spania	Испания	Španielsko	Španija	Španija	Spanien	İspanya	Іспанія
sg	Singapore	Сингапур	Singapour	Singapur	Singapore	Singapur	Σιγκαπούρη	Singapuro	Singapur	Singapur	Singapur	Singapore	Singapour	Singapur	Szingapúr	Singapore	Singapūras	Singapore	Singapore	Singapur	Singapura	Singapore	Сингапур	Singapur	Singapur	Singapur	Singapore	Singapur	Сінгапур
nz	New Zealand	Нова Зеландия	Zeland-Nevez	Nový Zéland	New Zealand	Neuseeland	Νέα Ζηλανδία	Nov-Zelando	Nueva Zelanda	Uus-Meremaa	Zeelanda Berria	Uusi-Seelanti	Nouvelle-Zélande	Novi Zeland	Új-Zéland	Nuova Zelanda	Naujoji Zelandija	Nieuw-Zeeland	New Zealand	Nowa Zelandia	Nova Zelândia	Noua Zeelandă	Новая Зеландия	Nový Zéland	Nova Zelandija	Novi Zeland	Nya Zeeland	Yeni Zelanda	Нова Зеландія
sv	El Salvador	Салвадор	El Salvador	Salvador	El Salvador	El Salvador	Ελ Σαλβαδόρ	Salvadoro	El Salvador	El Salvador	El Salvador	El Salvador	Salvador	Salvador	Salvador	El Salvador	Salvadoras	El Salvador	El Salvador	Salwador	El Salvador	El Salvador	Сальвадор	Salvádor	Salvador	Salvador	El Salvador	El Salvador	Сальвадор
ag	Antigua and Barbuda	Антигуа и Барбуда	Antigua-ha-Barbuda	Antigua a Barbuda	Antigua og Barbuda	Antigua und Barbuda	Αντίγκουα και Μπαρμπούντα	Antigvo kaj Barbudo	Antigua y Barbuda	Antigua ja Barbuda	Antigua eta Barbuda	Antigua ja Barbuda	Antigua-et-Barbuda	Antigva i Barbuda	Antigua és Barbuda	Antigua e Barbuda	Antigva ir Barbuda	Antigua en Barbuda	Antigua og Barbuda	Antigua i Barbuda	Antígua e Barbuda	Antigua și Barbuda	Антигуа и Барбуда	Antigua a Barbuda	Antigva in Barbuda	Antigva i Barbuda	Antigua och Barbuda	Antigua ve Barbuda	Антигуа і Барбуда
kp	Korea, Democratic People's Republic of	Северна Корея	Korea an Norzh	Severní Korea	Nordkorea	Korea, Nord (Nordkorea)	Βόρεια Κορέα	Nord-Koreio	Corea del Norte	Põhja-Korea	Ipar Korea	Korean demokraattinen kansantasavalta	Corée du Nord	Sjeverna Korea	Észak-Korea (Koreai NDK)	Corea del Nord	Šiaurės Korėja	Noord-Korea	Nord-Korea	Korea Północna	Coreia do Norte	Coreea de Nord	КНДР (Корейская Народно-Демократическая Республика)	Kórejská ľudovodemokratická republika	Severna Koreja	Severna Koreja	Nordkorea	Kore Demokratik Halk Cumhuriyeti	Північна Корея
ga	Gabon	Габон	Gabon	Gabon	Gabon	Gabun	Γκαμπόν	Gabono	Gabón	Gabon	Gabon	Gabon	Gabon	Gabon	Gabon	Gabon	Gabonas	Gabon	Gabon	Gabon	Gabão	Gabon	Габон	Gabon	Gabon	Gabon	Gabon	Gabon	Габон
so	Somalia	Сомалия	Somalia	Somálsko	Somalia	Somalia	Σομαλία	Somalio	Somalia	Somaalia	Somalia	Somalia	Somalie	Somalija	Szomália	Somalia	Somalis	Somalië	Somalia	Somalia	Somália	Somalia	Сомали	Somálsko	Somalija	Somalija	Somalia	Somali	Сомалі
me	Montenegro	Черна гора	Montenegro	Černá Hora	Montenegro	Montenegro	Μαυροβούνιο	Montenegro	Montenegro	Montenegro	Montenegro	Montenegro	Monténégro	Crna Gora	Montenegró	Montenegro	Juodkalnija	Montenegro	Montenegro	Czarnogóra	Montenegro	Muntenegru	Черногория	Čierna Hora	Črna gora	Crna Gora	Montenegro	Karadağ	Чорногорія
li	Liechtenstein	Лихтенщайн	Liechtenstein	Lichtenštejnsko	Liechtenstein	Liechtenstein	Λίχτενσταϊν	Liĥtenŝtejno	Liechtenstein	Liechtenstein	Liechtenstein	Liechtenstein	Liechtenstein	Lihtenštajn	Liechtenstein	Liechtenstein	Lichtenšteinas	Liechtenstein	Liechtenstein	Liechtenstein	Listenstaine	Liechtenstein	Лихтенштейн	Lichtenštajnsko	Lihtenštajn	Lihtenštajn	Liechtenstein	Lihtenştayn	Ліхтенштейн
bh	Bahrain	Бахрейн	Bahrein	Bahrajn	Bahrain	Bahrain	Μπαχρέιν	Barejno	Baréin	Bahrein	Bahrain	Bahrain	Bahreïn	Bahrein	Bahrein	Bahrein	Bahreinas	Bahrein	Bahrain	Bahrajn	Barém	Bahrain	Бахрейн	Bahrajn	Bahrajn	Bahrein	Bahrain	Bahreyn	Бахрейн
et	Ethiopia	Етиопия	Etiopia	Etiopie	Etiopien	Äthiopien	Αιθιοπία	Etiopio	Etiopía	Etioopia	Etiopia	Etiopia	Éthiopie	Etiopija	Etiópia	Etiopia	Etiopija	Ethiopië	Etiopia	Etiopia	Etiópia	Etiopia	Эфиопия	Etiópia	Etiopija	Etiopija	Etiopien	Etiyopya	Ефіопія
cl	Chile	Чили	Chile	Chile	Chile	Chile	Χιλή	Ĉilio	Chile	Tšiili	Txile	Chile	Chili	Čile	Chile	Cile	Čilė	Chili	Chile	Chile	Chile	Chile	Чили	Čile	Čile	Čile	Chile	Şili	Чилі
jp	Japan	Япония	Japan	Japonsko	Japan	Japan	Ιαπωνία	Japanio	Japón	Jaapan	Japonia	Japani	Japon	Japan	Japán	Giappone	Japonija	Japan	Japan	Japonia	Japão	Japonia	Япония	Japonsko	Japonska	Japan	Japan	Japonya	Японія
gb	United Kingdom of Great Britain and Northern Ireland	Великобритания	Rouantelezh-Unanet	Spojené království Velké Británie a Severního Irska	Storbritannien	Vereinigtes Königreich	Ηνωμένο Βασίλειο	Britio	Reino Unido	Suurbritannia	Erresuma Batua	Yhdistynyt kuningaskunta	Royaume-Uni	Velika Britanija	Egyesült Királyság	Regno Unito	Jungtinė Karalystė	Verenigd Koninkrijk	Storbritannia	Wielka Brytania	Reino Unido	Regatul Unit	Великобритания	Spojené kráľovstvo	Združeno kraljestvo Velike Britanije in Severne Irske	Ujedinjeno Kraljevstvo	Storbritannien	Birleşik Krallık	Велика Британія
cg	Congo	Република Конго	Republik Kongo	Kongo	Congo	Kongo, Republik	Κογκό	Respubliko Kongo	República del Congo	Kongo Vabariik	Kongoko Errepublika	Kongon tasavalta	République du Congo	Kongo	Kongói Köztársaság (Kongó)	Rep. del Congo	Kongo Respublika	Congo-Brazzaville	Kongo, Republikken	Kongo	República do Congo	Congo	Республика Конго	Kongo	Kongo	Kongo	Kongo-Brazzaville	Kongo Cumhuriyeti	Республіка Конго
ni	Nicaragua	Никарагуа	Nicaragua	Nikaragua	Nicaragua	Nicaragua	Νικαράγουα	Nikaragvo	Nicaragua	Nicaragua	Nikaragua	Nicaragua	Nicaragua	Nikaragva	Nicaragua	Nicaragua	Nikaragva	Nicaragua	Nicaragua	Nikaragua	Nicarágua	Nicaragua	Никарагуа	Nikaragua	Nikaragva	Nikaragva	Nicaragua	Nikaragua	Нікарагуа
bo	Bolivia, Plurinational State of	Боливия	Bolivia	Bolívie	Bolivia	Bolivien	Βολιβία	Bolivio	Bolivia	Boliivia	Bolivia	Bolivia	Bolivie	Bolivija	Bolívia	Bolivia	Bolivija	Bolivia	Bolivia	Boliwia	Bolívia	Bolivia	Боливия	Bolívia	Bolivija	Bolivija	Bolivia	Bolivya	Болівія
my	Malaysia	Малайзия	Malaysia	Malajsie	Malaysia	Malaysia	Μαλαισία	Malajzio	Malasia	Malaisia	Malaysia	Malesia	Malaisie	Malezija	Malajzia	Malaysia	Malaizija	Maleisië	Malaysia	Malezja	Malásia	Malaezia	Малайзия	Malajzia	Malezija	Malezija	Malaysia	Malezya	Малайзія
vn	Viet Nam	Виетнам	Viêt Nam	Vietnam	Vietnam	Vietnam	Βιετνάμ	Vjetnamio	Vietnam	Vietnam	Vietnam	Vietnam	Vietnam	Vijetnam	Vietnám	Vietnam	Vietnamas	Vietnam	Vietnam	Wietnam	Vietname	Vietnam	Вьетнам	Vietnam	Vietnam	Vijetnam	Vietnam	Viet Nam	В'єтнам
bb	Barbados	Барбадос	Barbados	Barbados	Barbados	Barbados	Μπαρμπάντος	Barbado	Barbados	Barbados	Barbados	Barbados	Barbade	Barbados	Barbados	Barbados	Barbadosas	Barbados	Barbados	Barbados	Barbados	Barbados	Барбадос	Barbados	Barbados	Barbados	Barbados	Barbados	Барбадос
tr	Türkiye	Турция	Turkia	Turecko	Tyrkiet	Türkei	Τουρκία	Turkio	Turquía	Türgi	Turkia	Turkki	Turquie	Turska	Törökország	Turchia	Turkija	Turkije	Tyrkia	Turcja	Turquia	Turcia	Турция	Turecko	Turčija	Turska	Turkiet	Türkiye	Туреччина
lv	Latvia	Латвия	Latvia	Lotyšsko	Letland	Lettland	Λεττονία	Latvio	Letonia	Läti	Letonia	Latvia	Lettonie	Latvija	Lettország	Lettonia	Latvija	Letland	Latvia	Łotwa	Letónia	Letonia	Латвия	Lotyšsko	Latvija	Letonija	Lettland	Letonya	Латвія
zm	Zambia	Замбия	Zambia	Zambie	Zambia	Sambia	Ζάμπια	Zambio	Zambia	Sambia	Zambia	Sambia	Zambie	Zambija	Zambia	Zambia	Zambija	Zambia	Zambia	Zambia	Zâmbia	Zambia	Замбия	Zambia	Zambija	Zambija	Zambia	Zambiya	Замбія
se	Sweden	Швеция	Sveden	Švédsko	Sverige	Schweden	Σουηδία	Svedio	Suecia	Rootsi	Suedia	Ruotsi	Suède	Švedska	Svédország	Svezia	Švedija	Zweden	Sverige	Szwecja	Suécia	Suedia	Швеция	Švédsko	Švedska	Švedska	Sverige	İsveç	Швеція
co	Colombia	Колумбия	Kolombia	Kolumbie	Colombia	Kolumbien	Κολομβία	Kolombio	Colombia	Colombia	Kolonbia	Kolumbia	Colombie	Kolumbija	Kolumbia	Colombia	Kolumbija	Colombia	Colombia	Kolumbia	Colômbia	Columbia	Колумбия	Kolumbia	Kolumbija	Kolumbija	Colombia	Kolombiya	Колумбія
cz	Czechia	Чехия	Tchekia	Česko	Tjekkiet	Tschechien	Τσεχία	Ĉeĥio	República Checa	Tšehhi	Txekia	Tšekki	Tchéquie	Češka	Csehország	Rep. Ceca	Čekija	Tsjechië	Tsjekkia	Czechy	Chéquia	Cehia	Чехия	Česko	Češka	Češka	Tjeckien	Çekya	Чехія
bg	Bulgaria	България	Bulgaria	Bulharsko	Bulgarien	Bulgarien	Βουλγαρία	Bulgario	Bulgaria	Bulgaaria	Bulgaria	Bulgaria	Bulgarie	Bugarska	Bulgária	Bulgaria	Bulgarija	Bulgarije	Bulgaria	Bułgaria	Bulgária	Bulgaria	Болгария	Bulharsko	Bolgarija	Bugarska	Bulgarien	Bulgaristan	Болгарія
kr	Korea, Republic of	Южна Корея	Republik Korea	Jižní Korea	Sydkorea	Korea, Süd (Südkorea)	Νότια Κορέα	Sud-Koreio	Corea del Sur	Lõuna-Korea	Hego Korea	Korean tasavalta	Corée du Sud	Južna Koreja	Dél-Korea (Koreai Köztársaság)	Corea del Sud	Pietų Korėja	Zuid-Korea	Sør-Korea	Korea Południowa	Coreia do Sul	Coreea de Sud	Республика Корея	Kórejská republika	Južna Koreja	Južna Koreja	Sydkorea	Kore Cumhuriyeti	Південна Корея
gn	Guinea	Гвинея	Ginea	Guinea	Guinea	Guinea	Γουινέα	Gvineo	Guinea	Guinea	Ginea	Guinea	Guinée	Gvineja	Guinea	Guinea	Gvinėja	Guinee	Guinea	Gwinea	Guiné	Guineea	Гвинея	Guinea	Gvineja	Gvineja	Guinea	Gine	Гвінея
ma	Morocco	Мароко	Maroko	Maroko	Marokko	Marokko	Μαρόκο	Maroko	Marruecos	Maroko	Maroko	Marokko	Maroc	Maroko	Marokkó	Marocco	Marokas	Marokko	Marokko	Maroko	Marrocos	Maroc	Марокко	Maroko	Maroko	Maroko	Marocko	Fas	Марокко
vc	Saint Vincent and the Grenadines	Сейнт Винсент и Гренадини	Sant-Visant hag ar Grenadinez	Svatý Vincenc a Grenadiny	Saint Vincent og Grenadinerne	St. Vincent und die Grenadinen	Άγιος Βικέντιος και Γρεναδίνες	Sankta Vincento kaj la Grenadinoj	San Vicente y las Granadinas	Saint Vincent ja Grenadiinid	Saint Vincent eta Grenadinak	Saint Vincent ja Grenadiinit	Saint-Vincent-et-les-Grenadines	Sveti Vincent i Grenadini	Saint Vincent és a Grenadine-szigetek	Saint Vincent e Grenadine	Sent Vinsentas ir Grenadinai	Saint Vincent en de Grenadines	Saint Vincent og Grenadinene	Saint Vincent i Grenadyny	São Vicente e Granadinas	Sfântul Vincent și Grenadine	Сент-Винсент и Гренадины	Svätý Vincent a Grenadíny	Saint Vincent in Grenadine	Sveti Vinsent i Grenadini	Saint Vincent och Grenadinerna	Saint Vincent ve Grenadinler	Сент-Вінсент і Гренадини
pw	Palau	Палау	Palau	Palau	Palau	Palau	Παλάου	Palaŭo	Palaos	Belau	Palau	Palau	Palaos	Palau	Palau	Palau	Palau	Palau	Palau	Palau	Palau	Palau	Палау	Palau	Palau	Palau	Palau	Palau	Палау
mu	Mauritius	Мавриций	Moris	Mauricius	Mauritius	Mauritius	Μαυρίκιος	Maŭricio	Mauricio	Mauritius	Maurizio	Mauritius	Maurice	Mauricijus	Mauritius	Mauritius	Mauricijus	Mauritius	Mauritius	Mauritius	Ilhas Maurícias	Mauritius	Маврикий	Maurícius	Mauritius	Mauricijus	Mauritius	Mauritius	Маврикій
ge	Georgia	Грузия	Jorjia	Gruzie	Georgien	Georgien	Γεωργία	Kartvelio	Georgia	Gruusia	Georgia	Georgia	Géorgie	Gruzija	Grúzia	Georgia	Gruzija	Georgië	Georgia	Gruzja	Geórgia	Georgia	Грузия	Gruzínsko	Gruzija	Gruzija	Georgien	Gürcistan	Грузія
tz	Tanzania, United Republic of	Танзания	Tanzania	Tanzanie	Tanzania	Tansania	Τανζανία	Tanzanio	Tanzania	Tansaania	Tanzania	Tansania	Tanzanie	Tanzanija	Tanzánia	Tanzania	Tanzanija	Tanzania	Tanzania	Tanzania	Tanzânia	Tanzania	Танзания	Tanzánia	Tanzanija	Tanzanija	Tanzania	Tanzanya Birleşik Cumhuriyeti	Танзанія
lk	Sri Lanka	Шри Ланка	Sri Lanka	Srí Lanka	Sri Lanka	Sri Lanka	Σρι Λάνκα	Srilanko	Sri Lanka	Sri Lanka	Sri Lanka	Sri Lanka	Sri Lanka	Šri Lanka	Srí Lanka	Sri Lanka	Šri Lanka	Sri Lanka	Sri Lanka	Sri Lanka	Seri Lanca	Sri Lanka	Шри-Ланка	Srí Lanka	Šrilanka	Šri Lanka	Sri Lanka	Sri Lanka	Шрі-Ланка
mv	Maldives	Малдиви	Maldivez	Maledivy	Maldiverne	Malediven	Μαλδίβες	Maldivoj	Maldivas	Maldiivid	Maldivak	Malediivit	Maldives	Maldivi	Maldív-szigetek	Maldive	Maldyvai	Malediven	Maldivene	Malediwy	Maldivas	Maldive	Мальдивы	Maldivy	Maldivi	Maldivi	Maldiverna	Maldivler	Мальдіви
cn	China	Китай	Sina	Čína	Kina	China, Volksrepublik	Κίνα	Ĉinio	China	Hiina	Txina	Kiina	Chine	Kina	Kína	Cina	Kinija	China	Kina	Chiny	China	Republica Populară Chineză	Китай (Китайская Народная Республика)	Čína	Ljudska republika Kitajska	Kina	Kina	Çin	Китайська Народна Республіка
pt	Portugal	Португалия	Portugal	Portugalsko	Portugal	Portugal	Πορτογαλία	Portugalio	Portugal	Portugal	Portugal	Portugali	Portugal	Portugal	Portugália	Portogallo	Portugalija	Portugal	Portugal	Portugalia	Portugal	Portugalia	Португалия	Portugalsko	Portugalska	Portugal	Portugal	Portekiz	Португалія
tg	Togo	Того	Togo	Togo	Togo	Togo	Τόγκο	Togolando	Togo	Togo	Togo	Togo	Togo	Togo	Togo	Togo	Togas	Togo	Togo	Togo	Togo	Togo	Того	Togo	Togo	Togo	Togo	Togo	Того
tn	Tunisia	Тунис	Tunizia	Tunisko	Tunesien	Tunesien	Τυνησία	Tunizio	Túnez	Tuneesia	Tunisia	Tunisia	Tunisie	Tunis	Tunézia	Tunisia	Tunisas	Tunesië	Tunisia	Tunezja	Tunísia	Tunisia	Тунис	Tunisko	Tunizija	Tunis	Tunisien	Tunus	Туніс
fm	Micronesia, Federated States of	Микронезия	Mikronezia	Mikronésie	Mikronesien	Mikronesien	Ομόσπονδες Πολιτείες της Μικρονησίας	Federacio de Mikronezio	Micronesia	Mikroneesia Liiduriigid	Mikronesiako Estatu Federatuak	Mikronesian liittovaltio	États fédérés de Micronésie	Mikronezija	Mikronézia	Micronesia	Mikronezija	Micronesië	Mikronesiaføderasjonen	Mikronezja	Estados Federados da Micronésia	Micronezia	Микронезия	Mikronézia	Mikronezija	Mikronezija	Mikronesiska federationen	Mikronezya Federal Devletleri	Федеративні Штати Мікронезії
tl	Timor-Leste	Източен Тимор	Timor ar Reter	Východní Timor	Østtimor	Osttimor	Ανατολικό Τιμόρ	Orienta Timoro	Timor Oriental	Ida-Timor	Ekialdeko Timor	Itä-Timor	Timor oriental	Istočni Timor	Kelet-Timor	Timor Est	Rytų Timoras	Oost-Timor	Øst-Timor	Timor Wschodni	Timor-Leste	Timorul de Est	Восточный Тимор	Východný Timor	Vzhodni Timor	Istočni Timor	Östtimor	Timor-Leste	Східний Тимор
ng	Nigeria	Нигерия	Nigeria	Nigérie	Nigeria	Nigeria	Νιγηρία	Niĝerio	Nigeria	Nigeeria	Nigeria	Nigeria	Nigeria	Nigerija	Nigéria	Nigeria	Nigerija	Nigeria	Nigeria	Nigeria	Nigéria	Nigeria	Нигерия	Nigéria	Nigerija	Nigerija	Nigeria	Nijerya	Нігерія
cu	Cuba	Куба	Kuba	Kuba	Cuba	Kuba	Κούβα	Kubo	Cuba	Kuuba	Kuba	Kuuba	Cuba	Kuba	Kuba	Cuba	Kuba	Cuba	Cuba	Kuba	Cuba	Cuba	Куба	Kuba	Kuba	Kuba	Kuba	Küba	Куба
tt	Trinidad and Tobago	Тринидад и Тобаго	Trinidad ha Tobago	Trinidad a Tobago	Trinidad og Tobago	Trinidad und Tobago	Τρινιντάντ και Τομπάγκο	Trinidado kaj Tobago	Trinidad y Tobago	Trinidad ja Tobago	Trinidad eta Tobago	Trinidad ja Tobago	Trinité-et-Tobago	Trinidad i Tobago	Trinidad és Tobago	Trinidad e Tobago	Trinidadas ir Tobagas	Trinidad en Tobago	Trinidad og Tobago	Trynidad i Tobago	Trinidad e Tobago	Trinidad și Tobago	Тринидад и Тобаго	Trinidad a Tobago	Trinidad in Tobago	Trinidad i Tobago	Trinidad och Tobago	Trinidad ve Tobago	Тринідад і Тобаго
uz	Uzbekistan	Узбекистан	Ouzbekistan	Uzbekistán	Usbekistan	Usbekistan	Ουζμπεκιστάν	Uzbekio	Uzbekistán	Usbekistan	Uzbekistan	Uzbekistan	Ouzbékistan	Uzbekistan	Üzbegisztán	Uzbekistan	Uzbekistanas	Oezbekistan	Usbekistan	Uzbekistan	Uzbequistão	Uzbekistan	Узбекистан	Uzbekistan	Uzbekistan	Uzbekistan	Uzbekistan	Özbekistan	Узбекистан
fj	Fiji	Фиджи	Fidji	Fidži	Fiji	Fidschi	Φίτζι	Fiĝioj	Fiyi	Fidži	Fiji	Fidži	Fidji	Fidži	Fidzsi	Figi	Fidžis	Fiji	Fiji	Fidżi	Fiji	Fiji	Фиджи	Fidži	Fidži	Fidži	Fiji	Fiji	Фіджі
zw	Zimbabwe	Зимбабве	Zimbabwe	Zimbabwe	Zimbabwe	Simbabwe	Ζιμπάμπουε	Zimbabvo	Zimbabue	Zimbabwe	Zimbabwe	Zimbabwe	Zimbabwe	Zimbabve	Zimbabwe	Zimbabwe	Zimbabvė	Zimbabwe	Zimbabwe	Zimbabwe	Zimbábue	Zimbabwe	Зимбабве	Zimbabwe	Zimbabve	Zimbabve	Zimbabwe	Zimbabve	Зімбабве
mr	Mauritania	Мавритания	Maouritania	Mauritánie	Mauretanien	Mauretanien	Μαυριτανία	Maŭritanio	Mauritania	Mauritaania	Mauritania	Mauritania	Mauritanie	Mauritanija	Mauritánia	Mauritania	Mauritanija	Mauritanië	Mauritania	Mauretania	Mauritânia	Mauritania	Мавритания	Mauritánia	Mavretanija	Mauritanija	Mauretanien	Moritanya	Мавританія
la	Lao People's Democratic Republic	Лаос	Laos	Laos	Laos	Laos	Λάος	Laoso	Laos	Laos	Laos	Laos	Laos	Laos	Laosz	Laos	Laosas	Laos	Laos	Laos	Laos	Laos	Лаос	Laos	Laos	Laos	Laos	Lao Demokratik Halk Cumhuriyeti	Лаос
to	Tonga	Тонга	Tonga	Tonga	Tonga	Tonga	Τόγκα	Tongo	Tonga	Tonga	Tonga	Tonga	Tonga	Tonga	Tonga	Tonga	Tonga	Tonga	Tonga	Tonga	Tonga	Tonga	Тонга	Tonga	Tonga	Tonga	Tonga	Tonga	Тонга
be	Belgium	Белгия	Belgia	Belgie	Belgien	Belgien	Βέλγιο	Belgio	Bélgica	Belgia	Belgika	Belgia	Belgique	Belgija	Belgium	Belgio	Belgija	België	Belgia	Belgia	Bélgica	Belgia	Бельгия	Belgicko	Belgija	Belgija	Belgien	Belçika	Бельгія
kg	Kyrgyzstan	Киргизстан	Kirgizstan	Kyrgyzstán	Kirgisistan	Kirgisistan	Κιργιζία	Kirgizio	Kirguistán	Kõrgõzstan	Kirgizistan	Kirgisia	Kirghizistan	Kirgistan	Kirgizisztán	Kirghizistan	Kirgizija	Kirgizië	Kirgisistan	Kirgistan	Quirguistão	Kârgâzstan	Кыргызстан	Kirgizsko	Kirgizistan	Kirgizija	Kirgizistan	Kırgızistan	Киргизстан
de	Germany	Германия	Alamagn	Německo	Tyskland	Deutschland	Γερμανία	Germanio	Alemania	Saksamaa	Alemania	Saksa	Allemagne	Njemačka	Németország	Germania	Vokietija	Duitsland	Tyskland	Niemcy	Alemanha	Germania	Германия	Nemecko	Nemčija	Nemačka	Tyskland	Almanya	Німеччина
hn	Honduras	Хондурас	Honduras	Honduras	Honduras	Honduras	Ονδούρα	Honduro	Honduras	Honduras	Honduras	Honduras	Honduras	Honduras	Honduras	Honduras	Hondūras	Honduras	Honduras	Honduras	Honduras	Honduras	Гондурас	Honduras	Honduras	Honduras	Honduras	Honduras	Гондурас
si	Slovenia	Словения	Slovenia	Slovinsko	Slovenien	Slowenien	Σλοβενία	Slovenio	Eslovenia	Sloveenia	Eslovenia	Slovenia	Slovénie	Slovenija	Szlovénia	Slovenia	Slovėnija	Slovenië	Slovenia	Słowenia	Eslovênia	Slovenia	Словения	Slovinsko	Slovenija	Slovenija	Slovenien	Slovenya	Словенія
dj	Djibouti	Джибути	Djibouti	Džibutsko	Djibouti	Dschibuti	Τζιμπουτί	Ĝibutio	Yibuti	Djibouti	Djibuti	Djibouti	Djibouti	Džibuti	Dzsibuti	Gibuti	Džibutis	Djibouti	Djibouti	Dżibuti	Djibuti	Djibouti	Джибути	Džibutsko	Džibuti	Džibuti	Djibouti	Cibuti	Джибуті
ls	Lesotho	Лесото	Lesotho	Lesotho	Lesotho	Lesotho	Λεσότο	Lesoto	Lesoto	Lesotho	Lesotho	Lesotho	Lesotho	Lesoto	Lesotho	Lesotho	Lesotas	Lesotho	Lesotho	Lesotho	Lesoto	Lesotho	Лесото	Lesotho	Lesoto	Lesoto	Lesotho	Lesotho	Лесото
at	Austria	Австрия	Aostria	Rakousko	Østrig	Österreich	Αυστρία	Aŭstrio	Austria	Austria	Austria	Itävalta	Autriche	Austrija	Ausztria	Austria	Austrija	Oostenrijk	Østerrike	Austria	Áustria	Austria	Австрия	Rakúsko	Avstrija	Austrija	Österrike	Avusturya	Австрія
al	Albania	Албания	Albania	Albánie	Albanien	Albanien	Αλβανία	Albanio	Albania	Albaania	Albania	Albania	Albanie	Albanija	Albánia	Albania	Albanija	Albanië	Albania	Albania	Albânia	Albania	Албания	Albánsko	Albanija	Albanija	Albanien	Arnavutluk	Албанія
pk	Pakistan	Пакистан	Pakistan	Pákistán	Pakistan	Pakistan	Πακιστάν	Pakistano	Pakistán	Pakistan	Pakistan	Pakistan	Pakistan	Pakistan	Pakisztán	Pakistan	Pakistanas	Pakistan	Pakistan	Pakistan	Paquistão	Pakistan	Пакистан	Pakistan	Pakistan	Pakistan	Pakistan	Pakistan	Пакистан
ec	Ecuador	Еквадор	Ecuador	Ekvádor	Ecuador	Ecuador	Ισημερινός	Ekvadoro	Ecuador	Ecuador	Ekuador	Ecuador	Équateur	Ekvador	Ecuador	Ecuador	Ekvadoras	Ecuador	Ecuador	Ekwador	Equador	Ecuador	Эквадор	Ekvádor	Ekvador	Ekvador	Ecuador	Ekvador	Еквадор
ml	Mali	Мали	Mali	Mali	Mali	Mali	Μάλι	Malio	Mali	Mali	Mali	Mali	Mali	Mali	Mali	Mali	Malis	Mali	Mali	Mali	Mali	Mali	Мали	Mali	Mali	Mali	Mali	Mali	Малі
id	Indonesia	Индонезия	Indonezia	Indonésie	Indonesien	Indonesien	Ινδονησία	Indonezio	Indonesia	Indoneesia	Indonesia	Indonesia	Indonésie	Indonezija	Indonézia	Indonesia	Indonezija	Indonesië	Indonesia	Indonezja	Indonésia	Indonezia	Индонезия	Indonézia	Indonezija	Indonezija	Indonesien	Endonezya	Індонезія
om	Oman	Оман	Oman	Omán	Oman	Oman	Ομάν	Omano	Omán	Omaan	Oman	Oman	Oman	Oman	Omán	Oman	Omanas	Oman	Oman	Oman	Omã	Oman	Оман	Omán	Oman	Oman	Oman	Umman	Оман
py	Paraguay	Парагвай	Paraguay	Paraguay	Paraguay	Paraguay	Παραγουάη	Paragvajo	Paraguay	Paraguay	Paraguai	Paraguay	Paraguay	Paragvaj	Paraguay	Paraguay	Paragvajus	Paraguay	Paraguay	Paragwaj	Paraguai	Paraguay	Парагвай	Paraguaj	Paragvaj	Paragvaj	Paraguay	Paraguay	Парагвай
br	Brazil	Бразилия	Brazil	Brazílie	Brasilien	Brasilien	Βραζιλία	Brazilo	Brasil	Brasiilia	Brasil	Brasilia	Brésil	Brazil	Brazília	Brasile	Brazilija	Brazilië	Brasil	Brazylia	Brasil	Brazilia	Бразилия	Brazília	Brazilija	Brazil	Brasilien	Brezilya	Бразилія
am	Armenia	Армения	Armenia	Arménie	Armenien	Armenien	Αρμενία	Armenio	Armenia	Armeenia	Armenia	Armenia	Arménie	Armenija	Örményország	Armenia	Armėnija	Armenië	Armenia	Armenia	Armênia	Armenia	Армения	Arménsko	Armenija	Jermenija	Armenien	Ermenistan	Вірменія
bi	Burundi	Бурунди	Burundi	Burundi	Burundi	Burundi	Μπουρούντι	Burundo	Burundi	Burundi	Burundi	Burundi	Burundi	Burundi	Burundi	Burundi	Burundis	Burundi	Burundi	Burundi	Burundi	Burundi	Бурунди	Burundi	Burundi	Burundi	Burundi	Burundi	Бурунді
bw	Botswana	Ботсвана	Botswana	Botswana	Botswana	Botswana	Μποτσουάνα	Bocvano	Botsuana	Botswana	Botswana	Botswana	Botswana	Bocvana	Botswana	Botswana	Botsvana	Botswana	Botswana	Botswana	Botsuana	Botswana	Ботсвана	Botswana	Bocvana	Bocvana	Botswana	Botsvana	Ботсвана
lt	Lithuania	Литва	Lituania	Litva	Litauen	Litauen	Λιθουανία	Litovio	Lituania	Leedu	Lituania	Liettua	Lituanie	Litva	Litvánia	Lituania	Lietuva	Litouwen	Litauen	Litwa	Lituânia	Lituania	Литва	Litva	Litva	Litvanija	Litauen	Litvanya	Литва
kn	Saint Kitts and Nevis	Сейнт Китс и Невис	Saint Kitts ha Nevis	Svatý Kryštof a Nevis	Saint Kitts og Nevis	St. Kitts und Nevis	Άγιος Χριστόφορος και Νέβις	Sankta-Kito kaj Neviso	San Cristóbal y Nieves	Saint Kitts ja Nevis	Saint Kitts eta Nevis	Saint Kitts ja Nevis	Saint-Christophe-et-Niévès	Sveti Kristofor i Nevis	Saint Kitts és Nevis	Saint Kitts e Nevis	Sent Kitsas ir Nevis	Saint Kitts en Nevis	Saint Kitts og Nevis	Saint Kitts i Nevis	São Cristóvão e Neves	Sfântul Kitts și Nevis	Сент-Китс и Невис	Svätý Krištof a Nevis	Saint Kitts in Nevis	Sveti Kits i Nevis	Saint Kitts och Nevis	Saint Kitts ve Nevis	Сент-Кіттс і Невіс
jm	Jamaica	Ямайка	Jamaika	Jamajka	Jamaica	Jamaika	Τζαμάικα	Jamajko	Jamaica	Jamaica	Jamaika	Jamaika	Jamaïque	Jamajka	Jamaica	Giamaica	Jamaika	Jamaica	Jamaica	Jamajka	Jamaica	Jamaica	Ямайка	Jamajka	Jamajka	Jamajka	Jamaica	Jamaika	Ямайка
bt	Bhutan	Бутан	Bhoutan	Bhútán	Bhutan	Bhutan	Μπουτάν	Butano	Bután	Bhutan	Bhutan	Bhutan	Bhoutan	Butan	Bhután	Bhutan	Butanas	Bhutan	Bhutan	Bhutan	Butão	Bhutan	Бутан	Bhután	Butan	Butan	Bhutan	Bhutan	Бутан
az	Azerbaijan	Азербайджан	Azerbaidjan	Ázerbájdžán	Aserbajdsjan	Aserbaidschan	Αζερμπαϊτζάν	Azerbajĝano	Azerbaiyán	Aserbaidžaan	Azerbaijan	Azerbaidžan	Azerbaïdjan	Azerbajdžan	Azerbajdzsán	Azerbaigian	Azerbaidžanas	Azerbeidzjan	Aserbajdsjan	Azerbejdżan	Azerbaijão	Azerbaidjan	Азербайджан	Azerbajdžan	Azerbajdžan	Azerbejdžan	Azerbajdzjan	Azerbaycan	Азербайджан
td	Chad	Чад	Tchad	Čad	Tchad	Tschad	Τσαντ	Ĉado	Chad	Tšaad	Txad	Tšad	Tchad	Čad	Csád	Ciad	Čadas	Tsjaad	Tsjad	Czad	Chade	Ciad	Чад	Čad	Čad	Čad	Tchad	Çad	Чад
ee	Estonia	Естония	Estonia	Estonsko	Estland	Estland	Εσθονία	Estonio	Estonia	Eesti	Estonia	Viro	Estonie	Estonija	Észtország	Estonia	Estija	Estland	Estland	Estonia	Estónia	Estonia	Эстония	Estónsko	Estonija	Estonija	Estland	Estonya	Естонія
eg	Egypt	Египет	Egipt	Egypt	Egypten	Ägypten	Αίγυπτος	Egiptio	Egipto	Egiptus	Egipto	Egypti	Égypte	Egipat	Egyiptom	Egitto	Egiptas	Egypte	Egypt	Egipt	Egito	Egipt	Египет	Egypt	Egipt	Egipat	Egypten	Mısır	Єгипет
bd	Bangladesh	Бангладеш	Bangladesh	Bangladéš	Bangladesh	Bangladesch	Μπανγκλαντές	Bangladeŝo	Bangladés	Bangladesh	Bangladesh	Bangladesh	Bangladesh	Bangladeš	Banglades	Bangladesh	Bangladešas	Bangladesh	Bangladesh	Bangladesz	Bangladexe	Bangladesh	Бангладеш	Bangladéš	Bangladeš	Bangladeš	Bangladesh	Bangladeş	Бангладеш
it	Italy	Италия	Italia	Itálie	Italien	Italien	Ιταλία	Italio	Italia	Itaalia	Italia	Italia	Italie	Italija	Olaszország	Italia	Italija	Italië	Italia	Włochy	Itália	Italia	Италия	Taliansko	Italija	Italija	Italien	İtalya	Італія
lb	Lebanon	Ливан	Liban	Libanon	Libanon	Libanon	Λίβανος	Libano	Líbano	Liibanon	Libano	Libanon	Liban	Libanon	Libanon	Libano	Libanas	Libanon	Libanon	Liban	Líbano	Liban	Ливан	Libanon	Libanon	Liban	Libanon	Lübnan	Ліван
sc	Seychelles	Сейшелски острови	Sechelez	Seychely	Seychellerne	Seychellen	Σεϋχέλλες	Sejŝeloj	Seychelles	Seišellid	Seychelleak	Seychellit	Seychelles	Sejšeli	Seychelle-szigetek	Seychelles	Seišeliai	Seychellen	Seychellene	Seszele	Seicheles	Seychelles	Сейшельские Острова	Seychely	Sejšeli	Sejšeli	Seychellerna	Seyşeller	Сейшельські Острови
hr	Croatia	Хърватия	Kroatia	Chorvatsko	Kroatien	Kroatien	Κροατία	Kroatio	Croacia	Horvaatia	Kroazia	Kroatia	Croatie	Hrvatska	Horvátország	Croazia	Kroatija	Kroatië	Kroatia	Chorwacja	Croácia	Croația	Хорватия	Chorvátsko	Hrvaška	Hrvatska	Kroatien	Hırvatistan	Хорватія
cd	Congo, Democratic Republic of the	Демократична република Конго	Kongo (RD)	Konžská demokratická republika	Demokratiske Republik Congo	Kongo, Demokratische Republik	Λαϊκή Δημοκρατία του Κογκό	Demokratia Respubliko Kongo	República Democrática del Congo	Kongo Demokraatlik Vabariik	Kongoko Errepublika Demokratikoa	Kongon demokraattinen tasavalta	République démocratique du Congo	Demokratska Republika Kongo	Kongói Demokratikus Köztársaság (Zaire)	RD del Congo	Kongo Demokratinė Respublika	Congo-Kinshasa	Kongo, Den demokratiske republikken	Demokratyczna Republika Konga	República Democrática do Congo	Republica Democrată Congo	ДР Конго	Konžská demokratická republika	Demokratična republika Kongo	Demokratska Republika Kongo	Kongo-Kinshasa	Kongo Demokratik Cumhuriyeti	ДР Конго
mz	Mozambique	Мозамбик	Mozambik	Mosambik	Mozambique	Mosambik	Μοζαμβίκη	Mozambiko	Mozambique	Mosambiik	Mozambike	Mosambik	Mozambique	Mozambik	Mozambik	Mozambico	Mozambikas	Mozambique	Mosambik	Mozambik	Moçambique	Mozambic	Мозамбик	Mozambik	Mozambik	Mozambik	Moçambique	Mozambik	Мозамбік
ar	Argentina	Аржентина	Arc'hantina	Argentina	Argentina	Argentinien	Αργεντινή	Argentino	Argentina	Argentina	Argentina	Argentiina	Argentine	Argentina	Argentína	Argentina	Argentina	Argentinië	Argentina	Argentyna	Argentina	Argentina	Аргентина	Argentína	Argentina	Argentina	Argentina	Arjantin	Аргентина
qa	Qatar	Катар	Qatar	Katar	Qatar	Katar	Κατάρ	Kataro	Catar	Katar	Qatar	Qatar	Qatar	Katar	Katar	Qatar	Kataras	Qatar	Qatar	Katar	Catar	Qatar	Катар	Katar	Katar	Katar	Qatar	Katar	Катар
do	Dominican Republic	Доминиканска република	Republik Dominikan	Dominikánská republika	Dominikanske Republik	Dominikanische Republik	Δομινικανή Δημοκρατία	Dominika Respubliko	República Dominicana	Dominikaani Vabariik	Dominikar Errepublika	Dominikaaninen tasavalta	République dominicaine	Dominikanska republika	Dominikai Köztársaság	Rep. Dominicana	Dominikos Respublika	Dominicaanse Republiek	Den dominikanske republikk	Dominikana	República Dominicana	Republica Dominicană	Доминиканская Республика	Dominikánska republika	Dominikanska republika	Dominikanska Republika	Dominikanska republiken	Dominik Cumhuriyeti	Домініканська Республіка
iq	Iraq	Ирак	Irak	Irák	Irak	Irak	Ιράκ	Irako	Irak	Iraak	Irak	Irak	Irak	Irak	Irak	Iraq	Irakas	Irak	Irak	Irak	Iraque	Irak	Ирак	Irak	Irak	Irak	Irak	Irak	Ірак
ug	Uganda	Уганда	Ouganda	Uganda	Uganda	Uganda	Ουγκάντα	Ugando	Uganda	Uganda	Uganda	Uganda	Ouganda	Uganda	Uganda	Uganda	Uganda	Oeganda	Uganda	Uganda	Uganda	Uganda	Уганда	Uganda	Uganda	Uganda	Uganda	Uganda	Уганда
ne	Niger	Нигер	Niger	Niger	Niger	Niger	Νίγηρας	Niĝero	Níger	Niger	Niger	Niger	Niger	Niger	Niger	Niger	Nigeris	Niger	Niger	Niger	Níger	Niger	Нигер	Niger	Niger	Niger	Niger	Nijer	Нігер
il	Israel	Израел	Israel	Izrael	Israel	Israel	Ισραήλ	Israelo	Israel	Iisrael	Israel	Israel	Israël	Izrael	Izrael	Israele	Izraelis	Israël	Israel	Izrael	Israel	Israel	Израиль	Izrael	Izrael	Izrael	Israel	İsrail	Ізраїль
gd	Grenada	Гренада	Grenada	Grenada	Grenada	Grenada	Γρενάδα	Grenado	Granada	Grenada	Grenada	Grenada	Grenade	Grenada	Grenada	Grenada	Grenada	Grenada	Grenada	Grenada	Granada	Grenada	Гренада	Grenada	Grenada	Grenada	Grenada	Grenada	Гренада
gy	Guyana	Гвиана	Guyana	Guyana	Guyana	Guyana	Γουιάνα	Gujano	Guyana	Guyana	Guyana	Guyana	Guyana	Gvajana	Guyana	Guyana	Gajana	Guyana	Guyana	Gujana	Guiana	Guyana	Гайана	Guyana	Gvajana	Gijana	Guyana	Guyana	Гаяна
sz	Eswatini	Есватини	Eswatini	Svazijsko	Eswatini	Eswatini	Εσουατίνι	Svazilando	Suazilandia	Svaasimaa	Eswatini	Swazimaa	Eswatini	Esvatini	Szváziföld	eSwatini	Svazilendas	Swaziland	Eswatini	Eswatini	Essuatíni	Eswatini	Эсватини	Svazijsko	Esvatini	Svazilend	Swaziland	Esvatini	Есватіні
kz	Kazakhstan	Казахстан	Kazakstan	Kazachstán	Kasakhstan	Kasachstan	Καζακστάν	Kazaĥio	Kazajistán	Kasahstan	Kazakhstan	Kazakstan	Kazakhstan	Kazahstan	Kazahsztán	Kazakistan	Kazachstanas	Kazachstan	Kasakhstan	Kazachstan	Cazaquistão	Kazahstan	Казахстан	Kazachstan	Kazahstan	Kazahstan	Kazakstan	Kazakistan	Казахстан
pa	Panama	Панама	Panamá	Panama	Panama	Panama	Παναμάς	Panamo	Panamá	Panama	Panama	Panama	Panama	Panama	Panama	Panama	Panama	Panama	Panama	Panama	Panamá	Panama	Панама	Panama	Panama	Panama	Panama	Panama	Панама
ke	Kenya	Кения	Kenya	Keňa	Kenya	Kenia	Κένυα	Kenjo	Kenia	Keenia	Kenya	Kenia	Kenya	Kenija	Kenya	Kenya	Kenija	Kenia	Kenya	Kenia	Quênia	Kenya	Кения	Keňa	Kenija	Kenija	Kenya	Kenya	Кенія
ve	Venezuela, Bolivarian Republic of	Венецуела	Venezuela	Venezuela	Venezuela	Venezuela	Βενεζουέλα	Venezuelo	Venezuela	Venezuela	Venezuela	Venezuela	Venezuela	Venezuela	Venezuela	Venezuela	Venesuela	Venezuela	Venezuela	Wenezuela	Venezuela	Venezuela	Венесуэла	Venezuela	Venezuela	Venecuela	Venezuela	Venezuela	Венесуела
af	Afghanistan	Афганистан	Afghanistan	Afghánistán	Afghanistan	Afghanistan	Αφγανιστάν	Afganio	Afganistán	Afganistan	Afganistan	Afganistan	Afghanistan	Afganistan	Afganisztán	Afghanistan	Afganistanas	Afghanistan	Afghanistan	Afganistan	Afeganistão	Afganistan	Афганистан	Afganistan	Afganistan	Avganistan	Afghanistan	Afganistan	Афганістан
in	India	Индия	India	Indie	Indien	Indien	Ινδία	Barato	India	India	India	Intia	Inde	Indija	India	India	Indija	India	India	Indie	Índia	India	Индия	India	Indija	Indija	Indien	Hindistan	Індія
ye	Yemen	Йемен	Yemen	Jemen	Yemen	Jemen	Υεμένη	Jemeno	Yemen	Jeemen	Yemen	Jemen	Yémen	Jemen	Jemen	Yemen	Jemenas	Jemen	Jemen	Jemen	Iêmen	Yemen	Йемен	Jemen	Jemen	Jemen	Jemen	Yemen	Ємен
mc	Monaco	Монако	Monako	Monako	Monaco	Monaco	Μονακό	Monako	Mónaco	Monaco	Monako	Monaco	Monaco	Monako	Monaco	Monaco	Monakas	Monaco	Monaco	Monako	Mónaco	Monaco	Монако	Monako	Monako	Monako	Monaco	Monako	Монако
nl	Netherlands	Нидерландия	Izelvroioù	Nizozemsko	Holland	Niederlande	Ολλανδία (Κάτω Χώρες)	Nederlando	Países Bajos	Holland	Herbehereak	Alankomaat	Pays-Bas	Nizozemska	Hollandia	Paesi Bassi	Nyderlandai	Nederland	Nederland	Holandia	Países Baixos	Țările de Jos	Нидерланды	Holandsko	Nizozemska	Holandija	Nederländerna	Hollanda	Нідерланди
rw	Rwanda	Руанда	Rwanda	Rwanda	Rwanda	Ruanda	Ρουάντα	Ruando	Ruanda	Rwanda	Ruanda	Ruanda	Rwanda	Ruanda	Ruanda	Ruanda	Ruanda	Rwanda	Rwanda	Rwanda	Ruanda	Rwanda	Руанда	Rwanda	Ruanda	Ruanda	Rwanda	Ruanda	Руанда
gh	Ghana	Гана	Ghana	Ghana	Ghana	Ghana	Γκάνα	Ganao	Ghana	Ghana	Ghana	Ghana	Ghana	Gana	Ghána	Ghana	Gana	Ghana	Ghana	Ghana	Gana	Ghana	Гана	Ghana	Gana	Gana	Ghana	Gana	Гана
lr	Liberia	Либерия	Liberia	Libérie	Liberia	Liberia	Λιβερία	Liberio	Liberia	Libeeria	Liberia	Liberia	Liberia	Liberija	Libéria	Liberia	Liberija	Liberia	Liberia	Liberia	Libéria	Liberia	Либерия	Libéria	Liberija	Liberija	Liberia	Liberya	Ліберія
ir	Iran, Islamic Republic of	Иран	Iran	Írán	Iran	Iran	Ιράν	Irano	Irán	Iraan	Iran	Iran	Iran	Iran	Irán	Iran	Iranas	Iran	Iran	Iran	Irã	Iran	Иран	Irán	Iran	Iran	Iran	İran	Іран
bn	Brunei Darussalam	Бруней	Brunei	Brunej	Brunei	Brunei	Μπρουνέι	Brunejo	Brunéi	Brunei	Brunei	Brunei	Brunei	Brunej	Brunei	Brunei	Brunėjus	Brunei	Brunei	Brunei	Brunei	Brunei	Бруней	Brunej	Brunej	Brunej	Brunei	Brunei Darüsselam	Бруней
sr	Suriname	Суринам	Surinam	Surinam	Surinam	Suriname	Σουρινάμ	Surinamo	Surinam	Suriname	Surinam	Suriname	Suriname	Surinam	Suriname	Suriname	Surinamas	Suriname	Surinam	Surinam	Suriname	Surinam	Суринам	Surinam	Surinam	Surinam	Surinam	Surinam	Суринам
cr	Costa Rica	Коста Рика	Costa Rica	Kostarika	Costa Rica	Costa Rica	Κόστα Ρίκα	Kostariko	Costa Rica	Costa Rica	Costa Rica	Costa Rica	Costa Rica	Kostarika	Costa Rica	Costa Rica	Kosta Rika	Costa Rica	Costa Rica	Kostaryka	Costa Rica	Costa Rica	Коста-Рика	Kostarika	Kostarika	Kostarika	Costa Rica	Kosta Rika	Коста-Рика
ad	Andorra	Андора	Andorra	Andorra	Andorra	Andorra	Ανδόρρα	Andoro	Andorra	Andorra	Andorra	Andorra	Andorre	Andora	Andorra	Andorra	Andora	Andorra	Andorra	Andora	Andorra	Andorra	Андорра	Andorra	Andora	Andora	Andorra	Andorra	Андорра
ht	Haiti	Хаити	Haiti	Haiti	Haiti	Haiti	Αϊτή	Haitio	Haití	Haiti	Haiti	Haiti	Haïti	Haiti	Haiti	Haiti	Haitis	Haïti	Haiti	Haiti	Haiti	Haiti	Гаити	Haiti	Haiti	Haiti	Haiti	Haiti	Гаїті
mt	Malta	Малта	Malta	Malta	Malta	Malta	Μάλτα	Malto	Malta	Malta	Malta	Malta	Malte	Malta	Málta	Malta	Malta	Malta	Malta	Malta	Malta	Malta	Мальта	Malta	Malta	Malta	Malta	Malta	Мальта
ao	Angola	Ангола	Angola	Angola	Angola	Angola	Ανγκόλα	Angolo	Angola	Angola	Angola	Angola	Angola	Angola	Angola	Angola	Angola	Angola	Angola	Angola	Angola	Angola	Ангола	Angola	Angola	Angola	Angola	Angola	Ангола
np	Nepal	Непал	Nepal	Nepál	Nepal	Nepal	Νεπάλ	Nepalo	Nepal	Nepal	Nepal	Nepal	Népal	Nepal	Nepál	Nepal	Nepalas	Nepal	Nepal	Nepal	Nepal	Nepal	Непал	Nepál	Nepal	Nepal	Nepal	Nepal	Непал
gm	Gambia	Гамбия	Gambia	Gambie	Gambia	Gambia	Γκάμπια	Gambio	Gambia	Gambia	Gambia	Gambia	Gambie	Gambija	Gambia	Gambia	Gambija	Gambia	Gambia	Gambia	Gâmbia	Gambia	Гамбия	Gambia	Gambija	Gambija	Gambia	Gambiya	Гамбія